{
  "debug": true,
  "country": "uk",
  "subject": "eBay Newsletter",
  "backgroundColour": "#ffffff",
  "modules": [

    {
      "//": "-----------------------------------------------------------",
      "//": "-------------------  ALIGN  -------------------------------",
      "//": "-----------------------------------------------------------"
    },

    {
      "template": "static_align_open"
    },

    {
      "//": "-----------------------------------------------------------",
      "//": "-------------------  HEADER  ------------------------------",
      "//": "-----------------------------------------------------------"
    },

    {
      "template": "header_male",
      "malebgcolor": true,
      "nav": {
        "1": {
          "url": "",
          "alt": "",
          "src": "img/header_nav1_white.jpg",
          "width": 54,
          "height": 13
        },
        "2": {
          "url": "",
          "alt": "",
          "src": "img/header_nav2_black.jpg",
          "width": 61,
          "height": 13
        },
        "3": {
          "url": "",
          "alt": "",
          "src": "img/header_nav3.png",
          "width": 37,
          "height": 13
        },
        "4": {
          "url": "",
          "alt": "",
          "src": "img/header_nav4.png",
          "width": 62,
          "height": 13
        }
      }
    },

    {
      "//": "-----------------------------------------------------------",
      "//": "------------------  SECTION 1  ----------------------------",
      "//": "-----------------------------------------------------------"
    },

    {
      "template": "1_article_with_mood",

      "url": "http://www.ebay.de/rpp/sommer-sale/sommer-sale-top-marken-fashion/herren/",
      "alt": "Sommer-Sale - Jetzt shoppen",

      "align": "left",
      "leftmood": false,
      "rightmood": true,

      "module": {
        "paddingbottom": 20
      },

      "headlinespacer": false,
      "headline": {
        "src": "img/male_section_2_mainhl_spacer.png",
        "width": 145,
        "height": 19,
        "paddingtop": 25
      },

      "articletable": {
        "tablewidth": 300,
        "paddingtop": 25
      },

      "logo": false,
      "logoimg": {
        "src": "img/male_section_2_logo.jpg",
        "width": 251,
        "height": 133,
        "paddingtop": 0,
        "paddingbottom": 0,
        "class": "pt20"
      },

      "hl": true,
      "hltext": {
        "hl": "HEADLINE",
        "src": "img/male_section_1_hl.png",
        "width": 181,
        "height": 15,
        "paddingtop": 15,
        "paddingbottom": 0
      },

      "subhl": true,
      "subhltext": {
        "src": "img/male_section_1_subhl.png",
        "width": 183,
        "height": 30,
        "paddingtop": 20,
        "paddingbottom": 0
      },

      "sl": true,
      "sltext": {
        "sl": "Tom Tailor, Tommy Hilfiger, <br/>Converse, u.v.m. stark reduziert",
        "align": "center",
        "src": "img/hero_hl_male.png",
        "width": 300,
        "height": 104,
        "paddingtop": 20,
        "paddingbottom": 0
      },

      "ctabutton": true,
      "cta": {
        "src": "img/male_section_1_cta.png",
        "width": 107,
        "height": 15,
        "paddingtop": 20,
        "paddingbottom": 0
      },

      "tnc": true,
      "tnctext": {
        "text": "*gg&uuml;. UVP",
        "url": 162,
        "paddingtop": 15,
        "paddingleft": 15
      },

      "moodimg": {
        "src": "img/male_section_1_moodimg.jpg",
        "width": 300,
        "height": 200
      },

      "columns": true,
      "img1": {
        "src": "img/male_section_1_columns_img1.png",
        "width": 194,
        "height": 150,
        "url": "http://www.ebay.de/rpp/sommer-sale/sommer-sale-top-marken-fashion/herren/bekleidung/hemden-t-shirts/",
        "alt": "Hemden &amp; T-Shirts"
      },
      "img2": {
        "src": "img/male_section_1_columns_img2.png",
        "width": 194,
        "height": 150,
        "url": "http://www.ebay.de/rpp/sommer-sale/sommer-sale-top-marken-fashion/herren/bekleidung/shorts/",
        "alt": "Shorts"
      },
      "img3": {
        "src": "img/male_section_1_columns_img3.png",
        "width": 194,
        "height": 150,
        "url": "http://www.ebay.de/rpp/sommer-sale/sommer-sale-top-marken-fashion/herren/schuhe/turnschuhe-sneaker/",
        "alt": "Turnschuhe &amp; Sneaker"
      }

    },

    {
      "//": "-----------------------------------------------------------",
      "//": "------------------  SECTION 2  ----------------------------",
      "//": "-----------------------------------------------------------"
    },

    {
      "template": "1_article_with_mood",

      "url": "http://www.ebay.de/rpp/the-fashion-collective-events/schwarz-liebt-weiss/herren",
      "alt": "Schwarz liebt Wei&szlig; - Jetzt shoppen",

      "align": "right",
      "leftmood": false,
      "rightmood": true,

      "module": {
        "paddingbottom": 0
      },

      "headlinespacer": true,
      "headline": {
        "src": "img/male_section_2_mainhl_v2_spacer.png",
        "width": 128,
        "height": 20,
        "paddingtop": 25
      },

      "articletable": {
        "tablewidth": 300,
        "paddingtop": 25
      },

      "logo": false,
      "logoimg": {
        "src": "img/male_section_2_logo.jpg",
        "width": 251,
        "height": 133,
        "paddingtop": 0,
        "paddingbottom": 0,
        "class": "pt15"
      },

      "hl": true,
      "hltext": {
        "hl": "HEADLINE",
        "src": "img/male_section_2_hl.png",
        "width": 198,
        "height": 70,
        "paddingtop": 30,
        "paddingbottom": 0
      },

      "sl": true,
      "sltext": {
        "sl": "Gegens&auml;tze ziehen sich an",
        "align": "center",
        "src": "img/hero_hl_male.png",
        "width": 300,
        "height": 104,
        "paddingtop": 25,
        "paddingbottom": 0
      },

      "ctabutton": true,
      "cta": {
        "src": "img/male_section_1_cta.png",
        "width": 107,
        "height": 15,
        "paddingtop": 35,
        "paddingbottom": 10
      },

      "tnc": false,
      "tnctext": {
        "text": "*gg&uuml;. UVP",
        "url": 162,
        "paddingtop": 10
      },

      "moodimg": {
        "src": "img/male_section_2_moodimg.jpg",
        "width": 300,
        "height": 222
      }

    },

    {
      "//": "-----------------------------------------------------------",
      "//": "------------------  SECTION 3  ----------------------------",
      "//": "-----------------------------------------------------------"
    },

    {
      "template": "1_article_with_mood",

      "url": "http://www.ebay.de/rpp/fashion-special/engelhorn/herren/",
      "alt": "Sportlich, sportlich - Zum Shop",
          
      "align": "left",
      "leftmood": false,
      "rightmood": true,

      "module": {
        "paddingbottom": 0
      },

      "headlinespacer": true,
      "headline": {
        "src": "img/male_section_3_mainhl_spacer.png",
        "width": 151,
        "height": 20,
        "paddingtop": 25
      },

      "articletable": {
        "tablewidth": 300,
        "paddingtop": 25
      },

      "logo": false,
      "logoimg": {
        "src": "img/female_section_2_logo.jpg",
        "width": 251,
        "height": 133,
        "paddingtop": 0,
        "paddingbottom": 0,
        "class": "pt15"
      },

      "hl": true,
      "hltext": {
        "hl": "HEADLINE",
        "src": "img/female_section_4_hl_v2.png",
        "width": 152,
        "height": 30,
        "paddingtop": 15,
        "paddingbottom": 0
      },

      "subhl": true,
      "subhltext": {
        "src": "img/female_section_4_subhl.png",
        "width": 227,
        "height": 22,
        "paddingtop": 15,
        "paddingbottom": 0
      },

      "sl": true,
      "sltext": {
        "sl": "Bis zu -50 %* auf Top-Marken <br/>wie Lacoste, Marc O'Polo, <br/>adidas performance u.v.m.",
        "align": "center",
        "width": 300,
        "height": 104,
        "paddingtop": 15,
        "paddingbottom": 15
      },

      "ctabutton": true,
      "cta": {
        "src": "img/female_section_4_cta.png",
        "width": 78,
        "height": 15,
        "paddingtop": 15,
        "paddingbottom": 0
      },

      "tnc": true,
      "tnctext": {
        "text": "*gg&uuml;. ehemaligem Verk&auml;uferpreis",
        "url": 162,
        "paddingtop": 20,
        "paddingleft": 25,
        "class": "p0 pt15 pl15"
      },

      "moodimg": {
        "src": "img/male_section_3_moodimg.jpg",
        "width": 300,
        "height": 215
      },

      "columns": false,
      "img1": {
        "src": "img/female_section_1_columns_img1.png",
        "width": 194,
        "height": 150,
        "url": "LINK",
        "alt": "LINK"
      },
      "img2": {
        "src": "img/female_section_1_columns_img2.png",
        "width": 194,
        "height": 150,
        "url": "LINK",
        "alt": "LINK"
      },
      "img3": {
        "src": "img/female_section_1_columns_img3.png",
        "width": 194,
        "height": 150,
        "url": "LINK",
        "alt": "LINK"
      }

    },

    {
      "//": "-----------------------------------------------------------",
      "//": "------------------  SECTION 4  ----------------------------",
      "//": "-----------------------------------------------------------"
    },

    {
      "template": "1_article_with_mood",

      "url": "http://www.ebay.de/itm/Neues-Superdry-B-Ware-T-Shirt-Versch-Modelle-und-Farben-/151753217218?151753217218",
      "alt": "Super Sachen! - Jetzt shoppen",

       "align": "right",
      "leftmood": false,
      "rightmood": true,

      "module": {
        "paddingbottom": 0
      },

      "headlinespacer": true,
      "headline": {
        "src": "img/male_section_4_mainhl_spacer.png",
        "width": 219,
        "height": 19,
        "paddingtop": 25
      },

      "articletable": {
        "tablewidth": 300,
        "paddingtop": 25
      },

      "logo": false,
      "logoimg": {
        "src": "img/male_section_2_logo.jpg",
        "width": 251,
        "height": 133,
        "paddingtop": 0,
        "paddingbottom": 0,
        "class": "pt15"
      },

      "hl": false,
      "hltext": {
        "hl": "HEADLINE",
        "src": "img/male_section_4_hl.png",
        "width": 227,
        "height": 22,
        "paddingtop": 25,
        "paddingbottom": 0
      },

      "subhl": true,
      "subhltext": {
        "src": "img/male_section_4_subhl.png",
        "width": 192,
        "height": 30,
        "paddingtop": 15,
        "paddingbottom": 0
      },

      "sl": true,
      "sltext": {
        "sl": "Reduzierte T-Shirts von Superdry",
        "align": "center",
        "width": 300,
        "height": 104,
        "paddingtop": 25,
        "paddingbottom": 0
      },

      "ctabutton": true,
      "cta": {
        "src": "img/male_section_1_cta.png",
        "width": 113,
        "height": 15,
        "paddingtop": 25,
        "paddingbottom": 0
      },

      "price": true,
      "pricetext": {
        "strike": "34,95",
        "red": "12,95*",
        "paddingtop": 15,
        "paddingbottom": 0
      },

      "tnc": false,
      "tnctext": {
        "text": "*gg&uuml;. UVP",
        "url": 162,
        "paddingtop": 0,
        "paddingleft": 0
      },

      "moodtnc": true,
      "moodtnctext": {
        "text": "*Nur solange der Vorrat reicht.",
        "url": 162,
        "paddingtop": 5,
        "class": "p0 pt15 pl15"
      },

      "moodimg": {
        "src": "img/male_section_4_moodimg.jpg",
        "width": 300,
        "height": 184
      },

      "columns": false,
      "img1": {
        "src": "img/male_section_1_columns_img1.png",
        "width": 194,
        "height": 150,
        "url": "LINK",
        "alt": "LINK"
      },
      "img2": {
        "src": "img/male_section_1_columns_img2.png",
        "width": 194,
        "height": 150,
        "url": "LINK",
        "alt": "LINK"
      },
      "img3": {
        "src": "img/male_section_1_columns_img3.png",
        "width": 194,
        "height": 150,
        "url": "LINK",
        "alt": "LINK"
      }

    },

    {
      "//": "-----------------------------------------------------------",
      "//": "------------------  SECTION 5  ----------------------------",
      "//": "-----------------------------------------------------------"
    },

    {
      "template": "2_split",

      "url": {
        "left": "http://www.ebay.de/cln/engelhorn/hinaus-ins-grune/200263948017",
        "right": "http://www.ebay.de/cln/kollektionsteam-fashion/Stylisch-unter-50-Euro/85680554012"
      },
      "alt": {
        "left": "Hinaus ins Gr&uuml;ne - Zur Kollektion",
        "right": "Stylish unter 50 Euro - Zur Kollektion"
      },

      "align": "left",

      "module": {
        "paddingbottom": 15
      },

      "headlinespacer": true,
      "headline": {
        "src": "img/male_section_5_mainhl_spacer.png",
        "width": 101,
        "height": 16,
        "paddingtop": 25
      },

      "articletable": {
        "tablewidth": 300,
        "paddingtop": 25
      },

      "hlleft": {
        "hl": "HEADLINE",
        "src": "img/male_section_5_left_hl.png",
        "width": 141,
        "height": 70,
        "paddingtop": 50,
        "paddingbottom": 0
      },

      "hlright": {
        "hl": "HEADLINE",
        "src": "img/male_section_5_right_hl.png",
        "width": 203,
        "height": 70,
        "paddingtop": 50,
        "paddingbottom": 0
      },

      "slleft": {
        "sl": "Unverzichtbare Outdoor-Basics f&uuml;r <br/>die Herren der Sch&ouml;pfung",
        "align": "center",
        "src": "img/hero_hl_male.png",
        "width": 300,
        "height": 104,
        "paddingtop": 25,
        "paddingbottom": 0
      },

      "slright": {
        "sl": "Street-Styles unter 50 Euro: <br/>Mann kann mit Mode spielen",
        "align": "center",
        "src": "img/hero_hl_male.png",
        "width": 300,
        "height": 104,
        "paddingtop": 25,
        "paddingbottom": 0
      },

      "ctaleft": {
        "src": "img/male_section_5_left_cta.png",
        "width": 113,
        "height": 15,
        "paddingtop": 25,
        "paddingbottom": 10
      },

      "ctaright": {
        "src": "img/male_section_5_right_cta.png",
        "width": 113,
        "height": 15,
        "paddingtop": 25,
        "paddingbottom": 0
      },

      "moodimgleft": {
        "src": "img/male_section_5_left_moodimg.jpg",
        "width": 295,
        "height": 301
      },

      "moodimgright": {
        "src": "img/male_section_5_right_moodimg.jpg",
        "width": 295,
        "height": 301
      }

    },

    {
      "//": "-----------------------------------------------------------",
      "//": "------------------  SECTION 6  ----------------------------",
      "//": "-----------------------------------------------------------"
    },

    {
      "template": "1_article_with_mood",

      "url": "http://www.ebay.de/rpp/fashion-special/sports-look/herren/",
      "alt": "Sportliches Ziel - Jetzt entdecken",

      "align": "right",
      "leftmood": false,
      "rightmood": true,

      "module": {
        "paddingbottom": 0
      },

      "headlinespacer": true,
      "headline": {
        "src": "img/male_section_6_mainhl_spacer.png",
        "width": 85,
        "height": 19,
        "paddingtop": 25
      },

      "articletable": {
        "tablewidth": 300,
        "paddingtop": 25
      },

      "logo": false,
      "logoimg": {
        "src": "img/male_section_2_logo.jpg",
        "width": 251,
        "height": 133,
        "paddingtop": 0,
        "paddingbottom": 0,
        "class": "pt15"
      },

      "hl": false,
      "hltext": {
        "hl": "HEADLINE",
        "src": "img/male_section_6_hl.png",
        "width": 198,
        "height": 29,
        "paddingtop": 50,
        "paddingbottom": 0
      },

      "subhl": true,
      "subhltext": {
        "src": "img/male_section_6_subhl.png",
        "width": 218,
        "height": 30,
        "paddingtop": 45,
        "paddingbottom": 0
      },

      "sl": true,
      "sltext": {
        "sl": "Gut angezogen: von <br/>Anfang bis Ende",
        "align": "center",
        "src": "img/hero_hl_male.png",
        "width": 300,
        "height": 104,
        "paddingtop": 25,
        "paddingbottom": 0
      },

      "ctabutton": true,
      "cta": {
        "src": "img/male_section_6_cta.png",
        "width": 118,
        "height": 15,
        "paddingtop": 25,
        "paddingbottom": 10
      },

      "tnc": false,
      "tnctext": {
        "text": "*gg&uuml;. UVP",
        "url": 162,
        "paddingtop": 0
      },

      "moodimg": {
        "src": "img/male_section_6_moodimg.jpg",
        "width": 300,
        "height": 205
      },

      "columns": false,
      "img1": {
        "src": "img/male_section_1_columns_img1.png",
        "width": 194,
        "height": 150,
        "url": "LINK",
        "alt": "LINK"
      },
      "img2": {
        "src": "img/male_section_1_columns_img2.png",
        "width": 194,
        "height": 150,
        "url": "LINK",
        "alt": "LINK"
      },
      "img3": {
        "src": "img/male_section_1_columns_img3.png",
        "width": 194,
        "height": 150,
        "url": "LINK",
        "alt": "LINK"
      }

    },

    {
      "//": "-----------------------------------------------------------",
      "//": "------------------  SECTION 7  ----------------------------",
      "//": "-----------------------------------------------------------"
    },

    {
      "template": "1_article_with_mood",

      "url": "http://www.ebay.de/sch/HerrenAccessoires-/4250/i.html?_from=R40&amp;_nkw=sonnenbrille&amp;_dcat=79720&amp;rt=nc&amp;LH_ItemCondition=3000&amp;_trksid=p2045573.m1684",
      "alt": "Sonnenbrillen - Jetzt st&ouml;bern",
      
      "align": "left",
      "leftmood": false,
      "rightmood": true,

      "module": {
        "paddingbottom": 0
      },

      "headlinespacer": true,
      "headline": {
        "src": "img/male_section_7_mainhl_spacer.png",
        "width": 63,
        "height": 19,
        "paddingtop": 25
      },

      "articletable": {
        "tablewidth": 300,
        "paddingtop": 25
      },

      "logo": false,
      "logoimg": {
        "src": "img/male_section_2_logo.jpg",
        "width": 251,
        "height": 133,
        "paddingtop": 0,
        "paddingbottom": 0,
        "class": "pt15"
      },

      "hl": false,
      "hltext": {
        "hl": "HEADLINE",
        "src": "img/male_section_3_hl.png",
        "width": 198,
        "height": 29,
        "paddingtop": 50,
        "paddingbottom": 0
      },

      "subhl": true,
      "subhltext": {
        "src": "img/male_section_7_subhl.png",
        "width": 171,
        "height": 26,
        "paddingtop": 45,
        "paddingbottom": 0
      },

      "sl": true,
      "sltext": {
        "sl": "Durchblick mit Modellen bekannter <br/>Marken aus 2. Hand",
        "align": "center",
        "src": "img/hero_hl_male.png",
        "width": 300,
        "height": 104,
        "paddingtop": 25,
        "paddingbottom": 0
      },

      "ctabutton": true,
      "cta": {
        "src": "img/male_section_7_cta.png",
        "width": 105,
        "height": 19,
        "paddingtop": 25,
        "paddingbottom": 10
      },

      "tnc": false,
      "tnctext": {
        "text": "*gg&uuml;. UVP",
        "url": 162,
        "paddingtop": 0
      },

      "moodimg": {
        "src": "img/male_section_7_moodimg.jpg",
        "width": 300,
        "height": 206
      },

      "columns": false,
      "img1": {
        "src": "img/male_section_1_columns_img1.png",
        "width": 194,
        "height": 150,
        "url": "LINK",
        "alt": "LINK"
      },
      "img2": {
        "src": "img/male_section_1_columns_img2.png",
        "width": 194,
        "height": 150,
        "url": "LINK",
        "alt": "LINK"
      },
      "img3": {
        "src": "img/male_section_1_columns_img3.png",
        "width": 194,
        "height": 150,
        "url": "LINK",
        "alt": "LINK"
      }

    },

    {
      "//": "-----------------------------------------------------------",
      "//": "-------------------  GARANTIE  ----------------------------",
      "//": "-----------------------------------------------------------"
    },

    {
      "template": "garantie"
    },

    {
      "//": "-----------------------------------------------------------",
      "//": "-------------------  FOOTER  ------------------------------",
      "//": "-----------------------------------------------------------"
    },

    {
      "template": "footer"
    },

    {
      "//": "-----------------------------------------------------------",
      "//": "-----------------  ALIGN CLOSE  ---------------------------",
      "//": "-----------------------------------------------------------"
    },

    {
      "template": "static_align_close"
    }

  ]
}
