{
  "debug": true,
  "country": "uk",
  "subject": "eBay Newsletter",
  "backgroundColour": "#ffffff",
  "modules": [

    {
      "//": "-----------------------------------------------------------",
      "//": "-------------------  ALIGN  -------------------------------",
      "//": "-----------------------------------------------------------"
    },

    {
      "template": "static_align_open"
    },

    {
      "//": "-----------------------------------------------------------",
      "//": "-------------------  HEADER  ------------------------------",
      "//": "-----------------------------------------------------------"
    },

    {
      "template": "header",
      "femalebgcolor": true,
      "nav": {
        "1": {
          "url": "",
          "alt": "",
          "src": "img/header_nav1_black.jpg",
          "width": 54,
          "height": 13
        },
        "2": {
          "url": "",
          "alt": "",
          "src": "img/header_nav2_white.jpg",
          "width": 61,
          "height": 13
        },
        "3": {
          "url": "",
          "alt": "",
          "src": "img/header_nav3.png",
          "width": 37,
          "height": 13
        },
        "4": {
          "url": "",
          "alt": "",
          "src": "img/header_nav4.png",
          "width": 62,
          "height": 13
        }
      }
    },

    {
      "//": "-----------------------------------------------------------",
      "//": "------------------  SECTION 1  ----------------------------",
      "//": "-----------------------------------------------------------"
    },

    {
      "template": "1_article_with_mood",

      "url": "http://www.ebay.de/rpp/sommer-sale/sommer-sale-top-marken-fashion/damen/",
      "alt": "Sommer-Sale - Jetzt shoppen",

      "align": "left",
      "leftmood": false,
      "rightmood": true,

      "module": {
        "paddingbottom": 20
      },

      "headlinespacer": false,
      "headline": {
        "src": "img/male_section_2_mainhl_spacer.png",
        "width": 145,
        "height": 19,
        "paddingtop": 25
      },

      "articletable": {
        "tablewidth": 300,
        "paddingtop": 25
      },

      "logo": false,
      "logoimg": {
        "src": "img/male_section_2_logo.jpg",
        "width": 251,
        "height": 133,
        "paddingtop": 0,
        "paddingbottom": 0,
        "class": "pt20"
      },

      "hl": true,
      "hltext": {
        "hl": "HEADLINE",
        "src": "img/male_section_1_hl.png",
        "width": 181,
        "height": 15,
        "paddingtop": 15,
        "paddingbottom": 0
      },

      "subhl": true,
      "subhltext": {
        "src": "img/male_section_1_subhl.png",
        "width": 183,
        "height": 30,
        "paddingtop": 20,
        "paddingbottom": 0
      },

      "sl": true,
      "sltext": {
        "sl": "Lieblingsmarken wie Vero Moda, <br/>Tommy Hilfiger &amp; Co. stark reduziert",
        "align": "center",
        "src": "img/hero_hl_male.png",
        "width": 300,
        "height": 104,
        "paddingtop": 20,
        "paddingbottom": 0
      },

      "ctabutton": true,
      "cta": {
        "src": "img/male_section_1_cta.png",
        "width": 107,
        "height": 15,
        "paddingtop": 20,
        "paddingbottom": 0
      },

      "tnc": true,
      "tnctext": {
        "text": "*gg&uuml;. UVP",
        "url": 162,
        "paddingtop": 15,
        "paddingleft": 15
      },

      "moodimg": {
        "src": "img/male_section_1_moodimg.jpg",
        "width": 300,
        "height": 200
      },

      "columns": true,
      "img1": {
        "src": "img/female_section_1_columns_img1_v2.png",
        "width": 194,
        "height": 150,
        "url": "http://www.ebay.de/rpp/sommer-sale/sommer-sale-top-marken-fashion/damen/bekleidung/blusen-tops-shirts/",
        "alt": "Oberteile &amp; Tops"
      },
      "img2": {
        "src": "img/female_section_1_columns_img2.png",
        "width": 194,
        "height": 150,
        "url": "http://www.ebay.de/rpp/sommer-sale/sommer-sale-top-marken-fashion/damen/bekleidung/kleider-rocke/",
        "alt": "Kleider &amp; R&ouml;cke"
      },
      "img3": {
        "src": "img/female_section_1_columns_img3.png",
        "width": 194,
        "height": 150,
        "url": "http://www.ebay.de/rpp/sommer-sale/sommer-sale-top-marken-fashion/damen/schuhe/halbschuhe-ballerinas/",
        "alt": "Halbschuhe &amp; Ballerinas"
      }

    },

    {
      "//": "-----------------------------------------------------------",
      "//": "------------------  SECTION 2  ----------------------------",
      "//": "-----------------------------------------------------------"
    },

    {
      "template": "1_article_with_mood",

      "url": "http://www.ebay.de/rpp/the-fashion-collective-events/schwarz-liebt-weiss/damen/",
      "alt": "Schwarz liebt Wei&szlig; - Jetzt shoppen",

      "align": "right",
      "leftmood": false,
      "rightmood": true,

      "module": {
        "paddingbottom": 0
      },

      "headlinespacer": true,
      "headline": {
        "src": "img/male_section_2_mainhl_v2_spacer.png",
        "width": 128,
        "height": 20,
        "paddingtop": 25
      },

      "articletable": {
        "tablewidth": 300,
        "paddingtop": 25
      },

      "logo": false,
      "logoimg": {
        "src": "img/male_section_2_logo.jpg",
        "width": 251,
        "height": 133,
        "paddingtop": 0,
        "paddingbottom": 0,
        "class": "pt15"
      },

      "hl": true,
      "hltext": {
        "hl": "HEADLINE",
        "src": "img/male_section_2_hl.png",
        "width": 198,
        "height": 70,
        "paddingtop": 30,
        "paddingbottom": 0
      },

      "sl": true,
      "sltext": {
        "sl": "Gegens&auml;tze ziehen sich an",
        "align": "center",
        "src": "img/hero_hl_male.png",
        "width": 300,
        "height": 104,
        "paddingtop": 25,
        "paddingbottom": 0
      },

      "ctabutton": true,
      "cta": {
        "src": "img/male_section_1_cta.png",
        "width": 107,
        "height": 15,
        "paddingtop": 35,
        "paddingbottom": 10
      },

      "tnc": false,
      "tnctext": {
        "text": "*gg&uuml;. UVP",
        "url": 162,
        "paddingtop": 10
      },

      "moodimg": {
        "src": "img/female_section_2_moodimg.jpg",
        "width": 300,
        "height": 222
      }

    },

    {
      "//": "-----------------------------------------------------------",
      "//": "------------------  SECTION 3  ----------------------------",
      "//": "-----------------------------------------------------------"
    },

    {
      "template": "1_article_with_mood_reverse",

      "url": "http://www.ebay.de/rpp/fashion-special/engelhorn/damen/",
      "alt": "Frischer Fashion-Wind - Zum Shop",

      "align": "left",
      "leftmood": false,
      "rightmood": true,

      "module": {
        "paddingbottom": 0
      },

      "headlinespacer": true,
      "headline": {
        "src": "img/male_section_3_mainhl_spacer.png",
        "width": 151,
        "height": 20,
        "paddingtop": 25
      },

      "articletable": {
        "tablewidth": 300,
        "paddingtop": 25
      },

      "logo": false,
      "logoimg": {
        "src": "img/female_section_2_logo.jpg",
        "width": 251,
        "height": 133,
        "paddingtop": 0,
        "paddingbottom": 0,
        "class": "pt15"
      },

      "hl": true,
      "hltext": {
        "hl": "HEADLINE",
        "src": "img/female_section_4_hl_v2.png",
        "width": 152,
        "height": 30,
        "paddingtop": 15,
        "paddingbottom": 0
      },

      "subhl": true,
      "subhltext": {
        "src": "img/female_section_4_subhl_v2.png",
        "width": 270,
        "height": 26,
        "paddingtop": 15,
        "paddingbottom": 0
      },

      "sl": true,
      "sltext": {
        "sl": "Bis zu -50 %* auf Top-Marken wie <br/>Superdry, Maison Scotch, <br/>Tommy Hilfiger u.v.m.",
        "align": "center",
        "width": 300,
        "height": 104,
        "paddingtop": 25,
        "paddingbottom": 10
      },

      "ctabutton": true,
      "cta": {
        "src": "img/female_section_4_cta.png",
        "width": 78,
        "height": 15,
        "paddingtop": 25,
        "paddingbottom": 0
      },

      "tnc": true,
      "tnctext": {
        "text": "*gg&uuml;. ehemaligem Verk&auml;uferpreis",
        "url": 162,
        "paddingtop": 30,
        "paddingleft": 25,
        "class": "p0 pt20 pl15 pb10"
      },

      "moodimg": {
        "src": "img/female_section_3_moodimg.jpg",
        "width": 300,
        "height": 243
      },

      "columns": false,
      "img1": {
        "src": "img/female_section_1_columns_img1.png",
        "width": 194,
        "height": 150,
        "url": "LINK",
        "alt": "LINK"
      },
      "img2": {
        "src": "img/female_section_1_columns_img2.png",
        "width": 194,
        "height": 150,
        "url": "LINK",
        "alt": "LINK"
      },
      "img3": {
        "src": "img/female_section_1_columns_img3.png",
        "width": 194,
        "height": 150,
        "url": "LINK",
        "alt": "LINK"
      }

    },

    {
      "//": "-----------------------------------------------------------",
      "//": "------------------  SECTION 4  ----------------------------",
      "//": "-----------------------------------------------------------"
    },

    {
      "template": "1_article_with_mood",

      "url": "http://www.ebay.de/itm/171864419131?ru=http%3A%2F%2Fwww.ebay.de%2Fsch%2Fi.html%3F_from%3DR40%26_sacat%3D0%26_nkw%3D171864419131%26_rdc%3D1",
      "alt": "Zirkonia trifft Silber - Jetzt shoppen",

       "align": "right",
      "leftmood": false,
      "rightmood": true,
      "class": "floatleft",

      "module": {
        "paddingbottom": 0
      },

      "headlinespacer": true,
      "headline": {
        "src": "img/male_section_4_mainhl_spacer.png",
        "width": 219,
        "height": 19,
        "paddingtop": 25
      },

      "articletable": {
        "tablewidth": 300,
        "paddingtop": 25,
        "class": "floatright"
      },

      "logo": false,
      "logoimg": {
        "src": "img/male_section_2_logo.jpg",
        "width": 251,
        "height": 133,
        "paddingtop": 0,
        "paddingbottom": 0,
        "class": "pt15"
      },

      "hl": false,
      "hltext": {
        "hl": "HEADLINE",
        "src": "img/male_section_4_hl.png",
        "width": 227,
        "height": 22,
        "paddingtop": 10,
        "paddingbottom": 0
      },

      "subhl": true,
      "subhltext": {
        "src": "img/female_section_4_subhl_v3.png",
        "width": 204,
        "height": 72,
        "paddingtop": 10,
        "paddingbottom": 0
      },

      "sl": true,
      "sltext": {
        "sl": "Smaragdgr&uuml;n, Granatrot oder <br/>amethystfarben? Ihre Wahl, Ihre Kette!",
        "align": "center",
        "width": 300,
        "height": 104,
        "paddingtop": 10,
        "paddingbottom": 0
      },

      "ctabutton": true,
      "cta": {
        "src": "img/male_section_1_cta.png",
        "width": 113,
        "height": 15,
        "paddingtop": 10,
        "paddingbottom": 0
      },

      "price": true,
      "pricetext": {
        "strike": "119,00",
        "red": "39,99*",
        "paddingtop": 10,
        "paddingbottom": 0
      },

      "tnc": false,
      "tnctext": {
        "text": "*gg&uuml;. UVP",
        "url": 162,
        "paddingtop": 0,
        "paddingleft": 0
      },

      "moodtnc": true,
      "moodtnctext": {
        "text": "*Nur solange der Vorrat reicht.",
        "url": 162,
        "paddingtop": 5,
        "class": "p0 pt15 pl15 pb10"
      },

      "moodimg": {
        "src": "img/female_section_4_moodimg.jpg",
        "width": 300,
        "height": 191
      },

      "columns": false,
      "img1": {
        "src": "img/male_section_1_columns_img1.png",
        "width": 194,
        "height": 150,
        "url": "LINK",
        "alt": "LINK"
      },
      "img2": {
        "src": "img/male_section_1_columns_img2.png",
        "width": 194,
        "height": 150,
        "url": "LINK",
        "alt": "LINK"
      },
      "img3": {
        "src": "img/male_section_1_columns_img3.png",
        "width": 194,
        "height": 150,
        "url": "LINK",
        "alt": "LINK"
      }

    },

    {
      "//": "-----------------------------------------------------------",
      "//": "------------------  SECTION 5  ----------------------------",
      "//": "-----------------------------------------------------------"
    },

    {
      "template": "2_split",

      "url": {
        "left": "http://www.ebay.de/cln/kollektionsteam-fashion/Spitzen-Looks/97009482012",
        "right": "http://www.ebay.de/cln/engelhorn/outdoor-welten/212648439017"
      },
      "alt": {
        "left": "Spitzen Looks - Zur Kollektion",
        "right": "Outdoor Welten - Zur Kollektion"
      },

      "align": "left",

      "module": {
        "paddingbottom": 15
      },

      "headlinespacer": true,
      "headline": {
        "src": "img/male_section_5_mainhl_spacer.png",
        "width": 101,
        "height": 16,
        "paddingtop": 25
      },

      "articletable": {
        "tablewidth": 300,
        "paddingtop": 25
      },

      "hlleft": {
        "hl": "HEADLINE",
        "src": "img/female_section_5_left_hl.png",
        "width": 188,
        "height": 30,
        "paddingtop": 50,
        "paddingbottom": 0
      },

      "hlright": {
        "hl": "HEADLINE",
        "src": "img/female_section_6_hl_v2.png",
        "width": 220,
        "height": 30,
        "paddingtop": 50,
        "paddingbottom": 0
      },

      "slleft": {
        "sl": "Stickereien, Loch- und Blumenmuster: Looks f&uuml;r laue Sommern&auml;chte",
        "align": "center",
        "src": "img/hero_hl_male.png",
        "width": 300,
        "height": 104,
        "paddingtop": 25,
        "paddingbottom": 0
      },

      "slright": {
        "sl": "Basics f&uuml;r die <br/>ganze Familie",
        "align": "center",
        "src": "img/hero_hl_male.png",
        "width": 300,
        "height": 104,
        "paddingtop": 25,
        "paddingbottom": 10
      },

      "ctaleft": {
        "src": "img/male_section_5_left_cta.png",
        "width": 113,
        "height": 15,
        "paddingtop": 25,
        "paddingbottom": 20
      },

      "ctaright": {
        "src": "img/male_section_5_right_cta.png",
        "width": 113,
        "height": 15,
        "paddingtop": 25,
        "paddingbottom": 0
      },

      "moodimgleft": {
        "src": "img/female_section_5_left_moodimg.jpg",
        "width": 295,
        "height": 301
      },

      "moodimgright": {
        "src": "img/female_section_5_right_moodimg.jpg",
        "width": 295,
        "height": 301
      }

    },

    {
      "//": "-----------------------------------------------------------",
      "//": "------------------  SECTION 6  ----------------------------",
      "//": "-----------------------------------------------------------"
    },

    {
      "template": "1_article_with_mood",

      "url": "http://www.ebay.de/rpp/fashion-special/sports-look/damen/",
      "alt": "Sportliches Ziel - Jetzt entdecken",

      "align": "left",
      "leftmood": false,
      "rightmood": true,

      "module": {
        "paddingbottom": 0
      },

      "headlinespacer": true,
      "headline": {
        "src": "img/male_section_6_mainhl_spacer.png",
        "width": 85,
        "height": 19,
        "paddingtop": 25
      },

      "articletable": {
        "tablewidth": 300,
        "paddingtop": 25
      },

      "logo": false,
      "logoimg": {
        "src": "img/male_section_2_logo.jpg",
        "width": 251,
        "height": 133,
        "paddingtop": 0,
        "paddingbottom": 0,
        "class": "pt15"
      },

      "hl": false,
      "hltext": {
        "hl": "HEADLINE",
        "src": "img/male_section_6_hl.png",
        "width": 198,
        "height": 29,
        "paddingtop": 50,
        "paddingbottom": 0
      },

      "subhl": true,
      "subhltext": {
        "src": "img/female_section_6_subhl.png",
        "width": 233,
        "height": 30,
        "paddingtop": 45,
        "paddingbottom": 0
      },

      "sl": true,
      "sltext": {
        "sl": "Gut angezogen ans Ziel",
        "align": "center",
        "src": "img/hero_hl_male.png",
        "width": 300,
        "height": 104,
        "paddingtop": 25,
        "paddingbottom": 0
      },

      "ctabutton": true,
      "cta": {
        "src": "img/male_section_6_cta.png",
        "width": 118,
        "height": 15,
        "paddingtop": 25,
        "paddingbottom": 10
      },

      "tnc": false,
      "tnctext": {
        "text": "*gg&uuml;. UVP",
        "url": 162,
        "paddingtop": 0
      },

      "moodimg": {
        "src": "img/female_section_6_moodimg.jpg",
        "width": 300,
        "height": 205
      },

      "columns": false,
      "img1": {
        "src": "img/male_section_1_columns_img1.png",
        "width": 194,
        "height": 150,
        "url": "LINK",
        "alt": "LINK"
      },
      "img2": {
        "src": "img/male_section_1_columns_img2.png",
        "width": 194,
        "height": 150,
        "url": "LINK",
        "alt": "LINK"
      },
      "img3": {
        "src": "img/male_section_1_columns_img3.png",
        "width": 194,
        "height": 150,
        "url": "LINK",
        "alt": "LINK"
      }

    },

    {
      "//": "-----------------------------------------------------------",
      "//": "------------------  SECTION 7  ----------------------------",
      "//": "-----------------------------------------------------------"
    },

    {
      "template": "1_article_with_mood",

      "url": "http://www.ebay.de/sch/Damentaschen-/169291/i.html?_from=R40&amp;Marke=Aigner%7CAlessandro%2520Bertoluci%7CAlexander%2520McQueen%7CArmani%7CBogner%7CBree%7Cbruno%2520banani%7CBurberry%7CBulgari%7CCalvin%2520Klein%7CCHANEL%7CChlo%25C3%25A9%7CChristian%2520Dior%7CCinque%7CCoccinelle%7CDiane%2520von%2520Furstenberg%7CFendi%7CGabor%7CGucci%7CGUESS%7CHERM%25C3%2588S%7CHUGO%2520BOSS%7CJacobs%7CJean%2520Paul%2520Gaultier%7CJETTE%7CJimmy%2520Choo%7CJohn%2520Galliano%7CJOOP%2521%7CKarl%2520Lagerfeld%7CLacoste%7CLongchamp%7CLouis%2520Vuitton%7CMandarina%2520Duck%7CMarc%2520Cain%7CMarc%2520O%2527Polo%7CMIU%2520MIU%7CMoschino%7COtto%2520Kern%7CPicard%7CPRADA%7CRalph%2520Lauren%7CRoberto%2520Cavalli%7CS%252ET%252E%2520Dupont%7CSarah%2520Kern%7CTod%2527s%7CTom%2520Tailor%7CTommy%2520Hilfiger%7CToni%2520Gard%7CValentino%7CVersace%7CVogue%7CYSL%252C%2520Yves%2520Saint%2520Laurent&amp;_nkw=Handtasche&amp;_dcat=169291&amp;rt=nc&amp;LH_ItemCondition=3000&amp;_trksid=p2045573.m1684",
      "alt": "Handtaschen - Jetzt st&ouml;bern",

      "align": "right",
      "leftmood": false,
      "rightmood": true,
      "class": "floatleft",

      "module": {
        "paddingbottom": 0
      },

      "headlinespacer": true,
      "headline": {
        "src": "img/male_section_7_mainhl_spacer.png",
        "width": 63,
        "height": 19,
        "paddingtop": 25
      },

      "articletable": {
        "tablewidth": 300,
        "paddingtop": 25,
        "class": "floatright"
      },

      "logo": false,
      "logoimg": {
        "src": "img/male_section_2_logo.jpg",
        "width": 251,
        "height": 133,
        "paddingtop": 0,
        "paddingbottom": 0,
        "class": "pt15"
      },

      "hl": false,
      "hltext": {
        "hl": "HEADLINE",
        "src": "img/male_section_3_hl.png",
        "width": 198,
        "height": 29,
        "paddingtop": 50,
        "paddingbottom": 0
      },

      "subhl": true,
      "subhltext": {
        "src": "img/female_section_7_subhl.png",
        "width": 176,
        "height": 26,
        "paddingtop": 45,
        "paddingbottom": 0
      },

      "sl": true,
      "sltext": {
        "sl": "Edle Begleiter zum Greifen nah &ndash; <br/>Top-Marken aus 2. Hand",
        "align": "center",
        "src": "img/hero_hl_male.png",
        "width": 300,
        "height": 104,
        "paddingtop": 25,
        "paddingbottom": 0
      },

      "ctabutton": true,
      "cta": {
        "src": "img/male_section_7_cta.png",
        "width": 105,
        "height": 19,
        "paddingtop": 25,
        "paddingbottom": 10
      },

      "tnc": false,
      "tnctext": {
        "text": "*gg&uuml;. UVP",
        "url": 162,
        "paddingtop": 0
      },

      "moodimg": {
        "src": "img/female_section_7_moodimg.jpg",
        "width": 300,
        "height": 206
      },

      "columns": false,
      "img1": {
        "src": "img/male_section_1_columns_img1.png",
        "width": 194,
        "height": 150,
        "url": "LINK",
        "alt": "LINK"
      },
      "img2": {
        "src": "img/male_section_1_columns_img2.png",
        "width": 194,
        "height": 150,
        "url": "LINK",
        "alt": "LINK"
      },
      "img3": {
        "src": "img/male_section_1_columns_img3.png",
        "width": 194,
        "height": 150,
        "url": "LINK",
        "alt": "LINK"
      }

    },

    {
      "//": "-----------------------------------------------------------",
      "//": "-------------------  GARANTIE  ----------------------------",
      "//": "-----------------------------------------------------------"
    },

    {
      "template": "garantie"
    },

    {
      "//": "-----------------------------------------------------------",
      "//": "-------------------  FOOTER  ------------------------------",
      "//": "-----------------------------------------------------------"
    },

    {
      "template": "footer"
    },

    {
      "//": "-----------------------------------------------------------",
      "//": "-----------------  ALIGN CLOSE  ---------------------------",
      "//": "-----------------------------------------------------------"
    },

    {
      "template": "static_align_close"
    }

  ]
}
